video_id,title,publishedAt,channelId,channelTitle,categoryId,trending_date,tags,view_count,likes,dislikes,comment_count,thumbnail_link,comments_disabled,ratings_disabled,description
"YQ0Ty-EJeSM","Qui est le papa de qui ? PrÃ©parez les ğŸ¿ ainsi que les ğŸ¤§","2022-07-31T08:00:34Z","UCDPK_MTu3uTUFJXRVcTJcEw","Mcfly et Carlito","24","22.01.08","mcfly|carlito|golden moustache|fatshow|badass|dab|j'effectue|le|et|on|appelle|des|gens|au|hasard","2452699","0","0","4678","https://i.ytimg.com/vi/YQ0Ty-EJeSM/default.jpg","False","True","Big-up Ã  Joyca, ThÃ©o et Seb de nous avoir fait confiance pour ce format si fort en Ã©motion.Joyca https://www.youtube.com/c/JOYCA-JORDANThÃ©odort https://www.youtube.com/c/THEODOREBIENSeb https://www.youtube.com/c/SEBFRITUn grand merci Ã  Gilles, Guy, Pascal, Thierry, Yves dâ€™avoir jouÃ© le jeu et de nous avoir ouvert leur maison et leur cÅ“ur, vous avez Ã©tÃ© super.#lepactedesdarons 00:00  Intro8:26 Quel genre dâ€™enfant Ã©tait-il ? 14:00 Avait-il des peurs/des angoisses ? 15:37 Avait-il des passions ?18:00 Les pronostiques 19:32 RÃ©vÃ©lations des papas21:47 Comment Ã©tait-il en amour ?24:37 A-t-il dÃ©jÃ  eu une grosse colÃ¨re ? 29:42 Vous a-t-il dÃ©Ã§u ou vous lâ€™avez-vous dÃ©Ã§u ? 32:25 A-t-il eu un chagrin/un traumatisme ?42:21 A-t-il dÃ©jÃ  fait une grosse bÃªtise ? 47:54 Quel genre dâ€™adolescent Ã©tait-il ? 51:48 Pensez-vous quâ€™il rÃ©ussirait professionnellement ? 55:31 Prend-t-il des nouvelles de vous rÃ©guliÃ¨rement ?58:53 Regardez-vous ses vidÃ©os ?1:02:20 Etes-vous fier de lui ? 1:04:33 Est-ce que vous vous dites â€œje tâ€™aimeâ€ ? 1:16:42 Avez-vous un message Ã  lui faire passer ?1:21:42 Le cadeau de ThÃ©odort 1:21:51 La compilation son du papa de JoycaRemerciements : Alexis pour le dÃ©cor Loft. Merci Ã  Jamy, vous pouvez le retrouver sur son mÃ©dia Epicurieux https://www.youtube.com/channel/UCG9G2dyRv04FDSH1FSYuLBgLa guÃªpe Rejoignez notre discord : https://discord.gg/mcflyetcarlitoINSTAGRAMâ˜… https://www.instagram.com/rafcarlitoâ˜… https://www.instagram.com/levraimcflyTIKTOK@mcflyetcarlito@carlitopourdevrai@mcflytiktokFACEBOOK â–ºhttps://facebook.com/raphaelcarlierakacarlitoâ–ºhttps://www.facebook.com/mcflyofficielTWITTER âœ” https://twitter.com/levraimcflyâœ” https://twitter.com/raphael_carlierMon pÃ¨re et moi. (on dirait le titre dâ€™un livre)Il y a une zone grise. Une zone oÃ¹ les choses ne sont ni terribles ni gÃ©niales. Une zone du milieu qui met mal Ã  lâ€™aise. Mal Ã  lâ€™aise parce que non seulement vous avez du mal Ã  lâ€™expliquer aux gens mais surtout vous nâ€™arrivez pas Ã  lâ€™expliquer Ã  vous-mÃªmes. Pourquoi vous allez mal, pourquoi vous sentez cette rage parcourir vos veines. Cette zone grise nâ€™est pas visible. Ce nâ€™est pas une marque sur le visage, ce nâ€™est pas flagrant, elle nâ€™est pas Ã©crite ni sonore, on ne peut pas mettre le doigt dessus. Cet endroit est psychologique. Je ne sais pas si Ã§a fait Ã©cho en vous, mais cette zone correspond Ã  une relation quâ€™on peut avoir avec quelquâ€™un ou avec soi-mÃªme. Je dÃ©teste cette zone plus que je dÃ©teste ma relation avec mon pÃ¨re. Je dÃ©teste le fait dâ€™avoir mis tellement de temps Ã  comprendre, je dÃ©teste le fait que personne ne mâ€™ait aidÃ© plus tÃ´t Ã  analyser la situation, Ã  mettre le doigt dessus. Mon frÃ¨re et ma mÃ¨re mâ€™ont beaucoup soulagÃ© câ€™est vrai, mais il me semble quâ€™ils avanÃ§aient dans la mÃªme grisaille, voire plus encore. Par ailleurs, je ne dÃ©teste pas mon pÃ¨re. Comment le pourrais-je ? Il n'a jamais Ã©tÃ© violent, ne sâ€™est jamais Ã©nervÃ©. Il souffrait dâ€™une boulimie extrÃªme, Ã§a vous le savez, et dâ€™autres maux plus intimes sur lesquels je ne vais pas mâ€™Ã©tendre. Quand jâ€™y pense, Ã§a a du Ãªtre horrible pour lui tout Ã§a. Son enfance, son succÃ¨s, sa santÃ© mentale. Mais câ€™est son histoire. Mon empathie est limitÃ©e Ã  ce niveau-lÃ . Ce nâ€™est pas du dÃ©samour, câ€™est de la protection. Vous avez dÃ©jÃ  aimÃ© quelquâ€™un qui ne sâ€™aime pas lui-mÃªme ? Câ€™est une place trÃ¨s dÃ©sagrÃ©able. Ma place Ã©tait celle dâ€™un jeune garÃ§on qui a grandi avec quelquâ€™un de pas du tout fini. Mon pÃ¨re est quelquâ€™un de trÃ¨s malin et dont les goÃ»ts les plus simples sont les meilleures choses quâ€™ils mâ€™ait transmises : le rock, le foot, les vannes. Câ€™est dÃ©jÃ  Ã§a me direz-vous. Je suis dâ€™accord et dâ€™ailleurs je lui serai toujours reconnaissant pour Ã§a. Mais un pÃ¨re ce nâ€™est pas que Ã§a. Un pÃ¨re, câ€™est un accompagnement psychologique, un investissement unique, qui nâ€™a rien Ã  voir avec lâ€™argent (il en avait beaucoup) et au star system (la famille la plus hypocrite qui soit). Ainsi, jâ€™acceptais lâ€™argent quâ€™il me filait Ã©tant ado puis ensuite je nâ€™ai plus voulu de ses billets, il mâ€™en a dÃ©goutÃ©. Jâ€™ai voulu marquer une rupture. Câ€™Ã©tait trop facile dâ€™une part, et trop superficiel de lâ€™autre. Jâ€™Ã©cris maintenant Ã§a sans haine ni reproche mais avec un peu de peine. Probablement grÃ¢ce Ã  ce que vous connaissez de moi, la famille que jâ€™ai fondÃ©e et mon histoire sur Youtube avec David. Ces vecteurs mâ€™ont emmenÃ© ailleurs, loin de la haine, et cette sÃ©rÃ©nitÃ© est tout Ã  fait rÃ©cente. Elle nâ€™est dâ€™ailleurs pas encore totale et ne le sera probablement jamais. Toutes les piques et rÃ©fÃ©rences dans les vidÃ©os sont on ne peut plus sincÃ¨res, car en vÃ©ritÃ© jâ€™aurais aimÃ© que mon pÃ¨re, qui a de super qualitÃ©s, soit plus prÃ©sent, plus sincÃ¨re, plus simple et surtout quâ€™est-ce que jâ€™aurais adorÃ© des conseils concrets surâ€¦ la vie. Maintenant quâ€™on a parlÃ© pendant des heures, je comprends, je nâ€™excuse pas et jâ€™essaie de me concentrer sur la tendresse qui est bien lÃ , comme de lâ€™eau sous le sable."
"UTggR4jrK2w","RÃ©sumÃ© GRAND FORMAT / PSG - FC Nantes (4-0) / TrophÃ©e des champions 2022","2022-07-31T22:00:13Z","UCQsH5XtIc9hONE1BQjucM0g","Ligue 1 Uber Eats","17","22.01.08","[none]","717355","0","0","995","https://i.ytimg.com/vi/UTggR4jrK2w/default.jpg","False","True","Revivez le meilleur du trophÃ©e des champions 2022 en vidÃ©o / Ligue 1 Uber Eats saison 2022-2023TrophÃ©e des champions 2022 / PSG - FC Nantes (4-0) - Dimanche 31 Juillet - Tel-Aviv, Bloomfield StadiumButeurs : L. Messi 22â€™ (PSG), Neymar 45â€™ +5 (PSG), S. Ramos 57â€™ (s.p.) (PSG), Neymar 82â€™ (PSG)Composition Paris Saint-Germain : (99) G. Donnarumma (4) S. Ramos (5)Marquinhos (3) P. Kimpembe (2) A. Hakimi (25) N. Mendes (19) P. Sarabia (6) M. Verratti (17) Vitinha (30) L. Messi (10) NeymarComposition Nantes : (1) A. Lafont (4) N. Pallois (12) D. Appiah (21) J. Castelletto (3) A. Girotto (17) M. Sissoko (11) M. Coco (10) L. Blas (5) P. Chirivella (27) M. Simon (7) E. GuessandSuivez nous sur Youtube : https://www.youtube.com/subscription_center?add_user=ligue1frSuivez nous sur Instagram : https://instagram.com/ligue1ubereats/Suivez nous sur Twitter : https://twitter.com/Ligue1UberEatsSuivez nous sur Facebook : https://fb.com/Ligue1UberEatsSuivez nous sur Ligue1.fr : https://www.ligue1.frSuivez nous sur Twitch : https://www.twitch.tv/ligue1ubereatsSuivez nous sur Tiktok : https://www.tiktok.com/@ligue1ubereats?lang=fr"
"Rfr8FdKyNK4","Â«Â les chiens aboient, la caravane passeÂ Â»","2022-07-31T17:22:21Z","UCDkl5M0WVaddTWE4rr2cSeA","Lena Situations","19","22.01.08","[none]","894699","0","0","9755","https://i.ytimg.com/vi/Rfr8FdKyNK4/default.jpg","False","True","avant de revenir sur youtube et de commencer la saison six des vlogs dâ€™aoÃ»t jâ€™avais besoin et envie de vous parler. â˜ºï¸"
"IAM91tmc83M","Cache cache dans une des plus grandes Villa dâ€™Afrique du Sud (Ft. Les croÃ»tons enfin presque)","2022-07-30T12:30:14Z","UCL9aTJb0ur4sovxcppAopEw","Inoxtag","24","22.01.08","INOXTAG|INOX|CROUTON|inoxtag|croutons|cache cache afrique du sud|afrique du sud crouton|vlog valouzz|cache cache michou|cache cache inoxtag|croutons vacances","2066215","0","0","3015","https://i.ytimg.com/vi/IAM91tmc83M/default.jpg","False","True","Nouvelle vidÃ©o ! Aujourdâ€™hui cache-cache avec la team croutons dans la villa en Afrique du Sud, vais-je rÃ©ussir Ã  bien me cacher ? Est-ce que Valouzz est fort Ã  cache-cache ? Est-ce que Pidi et Lebouseuh vont me trouver rapidement ? Je vous laisse dÃ©couvrir la vidÃ©o. Un petit pouce bleu et un abonnement les bg on oublie pas ! Ps: Petite pensÃ©e Ã  Michou on aura voulu quâ€™il soit lÃ  !ğŸ¥ ChaÃ®ne secondaire : https://inoxtag.tv/inoxtag2.0ğŸ’™ T'abonner : https://inoxtag.tv/subscribeğŸ””âœ… Activez la cloche de notification, afin d'Ãªtre au courant de mes prochains lives ou vidÃ©os !ğŸ’œ Twitch: https://inoxtag.tv/twitchğŸ¤ Twitter: @Inoxtag / https://inoxtag.tv/twitterğŸš€ ActualitÃ©s: @InoxtagTV_ / https://inoxtag.tv/newsğŸ“¸ Instagram: @Inoxtag / https://inoxtag.tv/instagramğŸ“ Discord: https://inoxtag.tv/discordğŸ“¡ Reddit: https://inoxtag.tv/redditğŸ’ Deviens Sponsor: https://inoxtag.tv/sponsorğŸ’Œ SponsorShip : inoxtag@talentweb.frMontage : Aeron - Hakki SENMiniature : Aziatack"
"-xzVKo3LTts","LES MEILLEURS VACANCES ENTRE POTES ! (Long Drive)","2022-07-31T16:00:00Z","UCuykaOeGA5OOkX4mnDiUOwg","Ninjaxx & Nino","20","22.01.08","[none]","196992","0","0","612","https://i.ytimg.com/vi/-xzVKo3LTts/default.jpg","False","True","Aujourd'hui avec Nino on Ã  dÃ©cidÃ© de faire un road trip dans un dÃ©sert !Ninjaxx : https://www.youtube.com/c/NinjaxxNino Mssclick : https://www.youtube.com/channel/UC_VearYbOy6ofg87HLM4nzQVidÃ©o montÃ© par Ninjaxx"
"PEorJqo2Qaw","Jâ€™AI ACHETÃ‰ UNE VOITURE SUR UN SITE CHINOIS (câ€™est une catastrophe) ft. Vilebrequin","2022-07-31T15:25:00Z","UCgvqvBoSHB1ctlyyhoHrGwQ","Amixem","23","22.01.08","amixem|humour|delire|vilebrequin|Ã©tienne|voiture|chinoise|pierre|sylvain|course|auto","1729770","0","0","2829","https://i.ytimg.com/vi/PEorJqo2Qaw/default.jpg","False","True","On a achetÃ© une voiture sur internet, on la test ! Retrouvez le deal exclusif NordVPN sur mon lien = https://nordvpn.com/amixem Câ€™est sans risque puisque satisfait ou remboursÃ© sous 30 jours !Ma boutique SPACEFOX.shop ! : https://www.spacefox.shop/SUIS MOI ICI C'EST BIEN AUSSI : â†’ INSTAGRAM : http://bit.ly/amixeminstaâ†’ TWITTER :  http://bit.ly/AmixemTwitterâ†’ TWITCH AMIXEM :  http://bit.ly/AmixemTwitchâ†’ SNAPCHAT : amixemsnapDIRECTRICE DE PRODUCTION : SolÃ¨ne CHUPINPRODUCTION : Thibault TROTINCADRAGE :  ThÃ©o SAUVION, Yann GOY, Arthur DESPRESRÃ‰GIE : Yann GOY, ThÃ©o SAUVIONCHEF MONTEUR : Arthur DESPRESASSISTANT MONTEUR : Yann GOY, ThÃ©o SAUVION HABILLAGE: Baptiste CONSTANT"
"m32tFAo-M_g","Fally Ipupa - BloquÃ© (Clip officiel)","2022-07-31T10:00:23Z","UCBFYkrVI8OfHm9PzbAGFqlA","Fally Ipupa","10","22.01.08","Fally Ipupa|Bad Boy|Musique|Afro|Clip officiel|fally ipupa|aya nakamura|eloko oyo|fally|fally ipupa eloko oyo|booba|bad boy|kiname|fally ipupa bad boy|fally eloko oyo|aya|fally ipupa 2016|fally ipupa 2017|fally ipupa amour assassin|fally ipupa nourrisson|fally ipupa service|fally ipupa original|eloko|fally ipupa anissa|eloko oyo fally ipupa|fally ipupa eloko oyo audio|booba kiname","735081","0","0","3618","https://i.ytimg.com/vi/m32tFAo-M_g/default.jpg","False","True","BloquÃ© disponible : https://FallyIpupa.lnk.to/Bloque-RÃ©alisation : Jonathan Lopez, Junior Balmous, Fally IpupaAssistant rÃ©alisation : Junior Seke, Eto'o Jordan-Abonnez-vous Ã  la chaine : http://po.st/FallyIpupa-Retrouvez Fally Ipupa sur :https://www.instagram.com/fallyipupa01https://www.facebook.com/FallyIpupaOfficialhttps://twitter.com/fallyipupa01"
"nxs0RHpT_Hg","BLACKPINK - 'BORN PINK' ANNOUNCEMENT TRAILER","2022-07-31T15:00:27Z","UCOmHUn--16B90oW2L6FRR3A","BLACKPINK","10","22.01.08","YG Entertainment|YG|ì™€ì´ì§€|K-pop|BLACKPINK|ë¸”ë™í•‘í¬|ë¸”í•‘|ì œë‹ˆ|ë¡œì œ|ë¦¬ì‚¬|ì§€ìˆ˜|LISA|JISOO|JENNIE|ROSÃ‰|BLINK|ë¸”ë§í¬|BORN PINK|ë³¸í•‘í¬|ë¸”ë™í•‘í¬ ë³¸í•‘í¬|BLACKPINK BORN PINK","8692081","0","0","165741","https://i.ytimg.com/vi/nxs0RHpT_Hg/default.jpg","False","True","#BLACKPINK #ë¸”ë™í•‘í¬ #BORNPINK #ANNOUNCEMENT #TRAILER #YG"
"1nF2_ZkyTDs","SHANKS DÃ‰VOILE SA FORME FINALE DU HAKI ROYAL SURPUISSANT ! ONE PIECE 1055 Analyse","2022-07-31T15:00:01Z","UCu2e-o9q5_hZgPHCv8m1Qzg","Mont Corvo","20","22.01.08","one piece|one piece theorie|theorie one piece|one piece theory|theory one piece|luffy|luffy one piece|luffy theorie|theory luffy|gear 5|one piece gear|luffy gear 5|vs|zoro|puissance|forme|strenght|power|pouvoir|force|kaido|yonko|level|amiral|shanks|haki|prime|mugiwara|devil fruit|fruit du dÃ©mon|demon|revelation|ending|explained|expliquÃ©|fin|histoire|combat one piece|one piece fight|top|manga|anime|chapitre|chapter|joy boy|nika|eveil|awakening|1022|1055|joyboy|1056","213815","0","0","611","https://i.ytimg.com/vi/1nF2_ZkyTDs/default.jpg","False","True","DÃ©couvrez le trÃ¨s puissant RedMagic 7S PRO : https://bit.ly/3aFaKSVCette nouvelle Ã¨re... T'effraie-t-elle tant ?!(â˜ï¾Ÿâˆ€ï¾Ÿ)â˜Lisez lÃ©galement One Piece sur MangaPlus : https://mangaplus.shueisha.co.jp/titles/700005ï½¡â—•â€¿â—•ï½¡ LES RÃ‰SEAUX SOCIAUX !! ï½¡â—•â€¿â—•ï½¡âœª Radio One Piece : https://www.youtube.com/channel/UCZA68ebb7WZcD_Bv1D2RNSgâœª Twitter : https://twitter.com/MontCorvo_OffâœªLive Twitch : https://www.twitch.tv/kamalkytaâœª Discord : https://discord.gg/qsz27fFâœª Facebook : https://www.facebook.com/MontCorvo/?fâœª Instagram : https://www.instagram.com/mont_corvo_âœª Tiktok : https://vm.tiktok.com/ZMRrhu2cU/___________________FAQ/Questions rÃ©currentes : *Vous Ãªtes quoi ? : Deux frÃ¨res jumeaux*Vous avez le brevet ? : On a 25 ans*Vous connaissez ONE PIECE ? : Depuis nos 10 ans, soit 15 ans.*C'est quoi cette musique endiablÃ©e d'intro  : Opening composÃ©s par Louis Bellamy *Tu utilises quel grille pain pour les vidÃ©os ? : La suite adobe"
"2LbVlg5VS8s","RIEN DE TOUT Ã‡A N'Ã‰TAIT PRÃ‰VU","2022-07-31T16:00:03Z","UCpeLQhRiHb3DiAFVyAQummw","Marine LB","26","22.01.08","marine lb|marinelbars|vlog|festival|lollapalooza|concert|imagine dragons|tayc|asap rocky|David guetta|live nation|outfit|ootd","97020","0","0","180","https://i.ytimg.com/vi/2LbVlg5VS8s/default.jpg","False","True","un vlog de mon week-end du love Ã  Lollapalooza Paris 2k22 ğŸ«¶(la marque de mon haut du 2Ã¨me jour c'est Jaded London le s)OUBLIE PAS DE T'ABONNER POUR ME FAIRE GAGNER UN MAX DE YOUTUBE MONEYTU PEUX AUSSI ME SUIVRE ICI:Instagram : http://www.instagram.com/marinelbars/Twitter : http://twitter.com/marinelbarsTikTok : @marinelbarsMa derniÃ¨re vidÃ©o C'EST FINI : https://youtu.be/OiiR0WeMpd4Adresse mail PRO uniquement: marinelb.pro@gmail.comMon lien de parrainage iGraal: https://fr.igraal.com/?parrain=AG_5954f6828b819Cette vidÃ©o n'est pas sponsorisÃ©e !"
"BWOM24tKkZs","MICHOU VA-T-IL NOUS REJOINDRE PENDANT LE SÃ‰JOUR ? (FAQ Voyage)","2022-07-31T16:30:01Z","UCHOsAeV69QGK3CPl137JLdQ","Dobby","24","22.01.08","Afrique du Sud|Valouzz|Apo|Pidi|Lebouseuh|Inoxtag|Voyage Crouton|Team Crouton","133473","0","0","499","https://i.ytimg.com/vi/BWOM24tKkZs/default.jpg","False","True","Vous Ãªtes beaucoup Ã  me demander comment se passe lâ€™organisation des voyages. Voici une petite vidÃ©o oÃ¹ je rÃ©ponds Ã  toutes vos questions !ğŸ¦ Twitter : https://twitter.com/DobbyElfe_ğŸ“· Instagram : https://www.instagram.com/dobbyelfe_ğŸ“¹ ChaÃ®ne Twitch : https://twitch.tv/dobbyelfe"
"pIhzDPrhAfc","Gambi - PETETE (Clip officiel)","2022-07-29T11:00:26Z","UCicqCO-7o9d6D2888BJWZ8Q","Gambi","10","22.01.08","[none]","2255112","0","0","6224","https://i.ytimg.com/vi/pIhzDPrhAfc/default.jpg","False","True","Gambi, son nouveau single Â« PETETE Â» disponible partout : https://gambi.lnk.to/PETETEAYâ€“RÃ©alisÃ© par Buster Callâ€“ Retrouvez-moi sur les rÃ©seaux sociaux :Instagram : https://www.instagram.com/gambi/TikTok : https://vm.tiktok.com/ZM84PHCsa/ Snapchat : https://story.snapchat.com/@gambinoskiTwitter : https://twitter.com/gambinojetski?s=21"
"w1csR1MHTbM","HIGHLIGHTS | Real Madrid 2-0 Juventus  | Los Angeles","2022-07-31T05:16:20Z","UCWV3obpZVGgJ3j9FVhEjF2Q","Real Madrid","17","22.01.08","Real Madrid|Madrid|Real Madrid CF|Madridistas|Santiago BernabÃ©u|BernabÃ©u|Hala Madrid|Carlo Ancelotti|ãƒ¬ã‚¢ãƒ«ãƒ»ãƒãƒ‰ãƒªãƒ¼ãƒ‰|Ø±ÙŠØ§Ù„ Ù…Ø¯Ø±ÙŠØ¯|ë ˆì•Œ ë§ˆë“œë¦¬ë“œ","1587769","0","0","0","https://i.ytimg.com/vi/w1csR1MHTbM/default.jpg","False","True","Inside two minutes of kick-off, Real Madrid came close to going ahead with the first move of the game when Kroosâ€™ deep pass found Valverde, who whipped in a cross from the right-hand side for Benzema to turn into the net, only for the linesman to rule it out for off-side. Karim Benzema then stepped up to tuck home a penalty and make it 1-0, who was later followed by Marco Asensio in the second half after a magnificent team play led by Eden Hazard. Carlo Ancelottiâ€™s team showed superb skill and teamwork in order to secure a victory in their final match.ğŸ¥  SUBSCRIBE YOUTUBE: https://www.youtube.com/subscription_center?add_user=realmadridcfğŸ“± FOLLOW US INSTAGRAM: https://instagram.com/realmadridTIKTOK: https://www.tiktok.com/@realmadridTWITTER: https://twitter.com/realmadridTWITCH: https://www.twitch.tv/realmadridSNAPCHAT: https://snapchat.com/add/realmadridFACEBOOK: https://facebook.com/realmadridğŸ’³ BECOME A MADRIDISTA: https://www.realmadrid.com/en/fans/madridistas/internationalğŸ™Œ JOIN THE MADRIDISTA NATION: https://www.facebook.com/becomesupporter/RealMadrid/?entrypoint_surface=youtube"
"W1Q5zEWTwmM","48H POUR RÃ‰NOVER MON APPARTEMENT | DENYZEE","2022-07-31T08:30:09Z","UClOeGHFiUlegRJFGhkMxoHg","DENYZEE","23","22.01.08","denyzee|denize|denyze|denizee|humour|vidÃ©o drÃ´le|24h|24h challenge|dÃ©fi|dÃ©fi 24h|deneezee|denzee|denezy|deneeze|denezee|denysee|rÃ©novation maison|rÃ©novation|rÃ©novation de maison|rÃ©novation appartement|rÃ©novation salle de bain|rÃ©nover une maison|rÃ©novation appartement paris|rÃ©novation cuisine|dÃ©coration chambre|dÃ©coration salon|dÃ©coration appartement|mon appartement|mon appartement Ã  paris|mon appartement a montreal|mon appartement tour|denyzee maison","132513","0","0","622","https://i.ytimg.com/vi/W1Q5zEWTwmM/default.jpg","False","True","48h top chrono pour rÃ©nover entiÃ¨rement mon appartement et changer sa dÃ©coration!  ğŸ‘‰ğŸ¼ Pour commander vos Displate dÃ¨s maintenant: https://displate.com/promo/denyzee/?art=5fa27d0d7a1c3, vous obtenez en cliquant sur le lien 25% off pour 1 ou 2 displate et 29% off pour 3 ou + ğŸ’œC'est un challenge de dÃ©coration avec un petit budget que je rÃ©alise dans cet Ã©pisode de construction.â¡ï¸  Rejoins la famille en t'abonnant Ã  ma chaÃ®ne: http://bit.ly/2gcKjr9 Ouesh.âœŒï¸â¡ï¸  Rejoins-moi sur mon Instagram: http://bit.ly/2LYxPy8Pour rÃ©nover mon appartement, je suis allÃ©e prospecter dans plusieurs magasins tel que LeRoy Merlin, Castorama et aussi Monsieur Bricolage. Dans l'immobilier, il faut privilÃ©gier le cÃ´tÃ© pratique sans oublier le cÃ´tÃ© esthÃ©tique. Actuellement chez moi, c'est l'entrepÃ´t du bricoleur, il y a beaucoup de choses ! Je garde pas mal de chose de mon enfance, sauf mes Barbies, elles sont toutes parties Ã  la poubelle!â¡ï¸  Ma marque de vÃªtement: https://electricsugar.co/Je vais rÃ©nover toutes les piÃ¨ces de mon appartement au Canada, de l'entrÃ©e au salon Ã  ma chambre et mon studio de tournage.La plupart de mon mobilier vient de chez Ikea et j'ai fais beaucoup de DIY Ã©galement.Je vais tenter de bricoler pour que je puisse me sentir Ã  l'aise dans mon appartement et l'appeler enfin mon chez moi. J'adore rÃ©nover en gÃ©nÃ©ral, en fait, j'adore l'immobilier et l'idÃ©e d'aider les gens Ã  trouver la maison de leur rÃªve est gÃ©niale, je trouve! Se loger de nos jours ce n'est pas si facile en France, quelques fois, il est plus facile de louer que d'acheter. Les banques comme le Bnp Paribas ou la Banque Populaire sont des banques qui peuvent aider Ã  l'achat d'un bien immobilier par exemple.Et je commence Ã  m'intÃ©resser Ã  investir dans l'immobilier pour en faire des immeubles a logement locatif ou encore les transformer en Airbnb, j'adorerai faire vivre des expÃ©riences Ã  autrui.DÃ©mÃ©nager et changer de logement, c'est comme un nouveau dÃ©part. Sur le site web Leboncoin ou Facebook Market, vous pouvez trouver pas mal de logements Ã  louer ou Ã  acheter entre particuliers si vous ne souhaitez pas passer par des agences comme Century21. Pour ma part mon style de dÃ©co change, j'ai besoin de me renouveler. C'est comme la mode, un coup, on s'habille chez Zara, H&M et quand on peut pourquoi pas la haute couture comme Gucci ou Chanel? Le but de cette vidÃ©o n'est pas de passer dans le magasine Grazia ou Vogue plutÃ´t de concurrencer ValÃ©rie Damidot.GrÃ¢ce Ã  mon iPhone 13 dâ€™Apple, j'ai pu me filmer pendant plusieurs heures en train de rÃ©nover mon appartement et on me suivra avec la camÃ©ra Lumix Panasonic GH5 (pas encore la GH6) pour prendre les vidÃ©os et photos clÃ©s de cette expÃ©rience. C'est une expÃ©rience unique de ma vie quotidienne que j'ai envie de vivre avec vous !   Ensemble, on va re-dÃ©couvrir mon appartement et pourquoi pas refaire un room-tour Ã  la fin pour faire tout dÃ©couvrir d'un seul coup. J'ai hÃ¢te d'avoir vos avis sur les rÃ©seaux et lire vos commentaires sur YouTube.-------â¡ï¸  Si tu as lu jusqu'ici, Ã©cris LE LAMA S'APPELLE.... en commentaires.-------DENYZEE, c'est une chaÃ®ne Youtube humour, des sketchs comiques de divertissement qui propose des dÃ©fis/challenge et expÃ©riences sociales.Jâ€™imite bien lâ€™accent quÃ©bÃ©cois aussi.-------Rejoins-moi sur:Facebook: http://bit.ly/denyzeefacebookInstagram : https://www.instagram.com/denyzee_Twitter : https://twitter.com/denyzee_TikTok : https://bit.ly/TikTokDenyzee"
"ukIGxgdbqqI","Stray Kids Time Out M/V","2022-07-31T14:59:53Z","UCaO6TYtlC8U5ttz62hTrZgg","JYP Entertainment","10","22.01.08","JYP Entertainment|JYP","2367475","0","0","59324","https://i.ytimg.com/vi/ukIGxgdbqqI/default.jpg","False","True","Stray Kids(ìŠ¤íŠ¸ë ˆì´ í‚¤ì¦ˆ) Time Out M/V Stray Kids Mixtape : Time OutiTunes & Apple Music: https://stray-kids.lnk.to/MixtapeTimeOut/AppleMusicSpotify: https://stray-kids.lnk.to/MixtapeTimeOut/SpotifyğŸŒŠListen to ï¼œMixtape : Time Outï¼ now!âœ¨http://Stray-Kids.lnk.to/MixtapeTimeOutStray Kids Official YouTube: https://www.youtube.com/c/StrayKidsStray Kids Official Facebook: https://www.facebook.com/JYPEStrayKids/Stray Kids Official Instagram: https://www.instagram.com/realstraykids/Stray Kids Official Twitter: https://twitter.com/Stray_KidsStray Kids Official TikTok: https://www.tiktok.com/@jypestraykidsStray Kids Official Fan's: https://fans.jype.com/StrayKids#StrayKids #ìŠ¤íŠ¸ë ˆì´í‚¤ì¦ˆ #TimeOut#Mixtape_TimeOut#YouMakeStrayKidsStay Copyrights 2022 â“’ JYP Entertainment. All Rights Reserved."
"zdVLeP0C8ss","24H SANS LES MAINS ! (j'ai galÃ©rÃ© de fou pendant cette journÃ©e ptdrrrr)","2022-07-31T09:28:13Z","UCo3i0nUzZjjLuM7VjAVz4zA","Michou","24","22.01.08","michou|Michou 24h|24h|journÃ©e|sans|mains|24h sans les mains|inoxtag|naza|galere|ptdrrrr|vlog","1085237","0","0","3217","https://i.ytimg.com/vi/zdVLeP0C8ss/default.jpg","False","True","ğŸ‘‰ğŸ» Instagram du Coach : https://instagram.com/hichambodydz?igshid=YmMyMTA2M2Y=ğŸ‘‰ğŸ» Instagram de Naza : https://instagram.com/nazaofficiel?igshid=YmMyMTA2M2Y=ğŸ‘‰ğŸ» Instagram dâ€™Inox : https://instagram.com/inoxtag?igshid=YmMyMTA2M2Y=ğŸ‘‰ğŸ» Instagram du Bowling : https://instagram.com/bowlcenterorgeval?igshid=YmMyMTA2M2Y=ğŸ‘‰ğŸ» Instagram du Restaurant Marocain : https://instagram.com/restaurantfiguig?igshid=YmMyMTA2M2Y=ğŸ‘‰ Code CrÃ©ateur dans la boutique Fortnite : michoucrouteğŸ“¸ Mon Instagram : http://bit.ly/MichouINSTAğŸ’™ Mon Twitter : http://bit.ly/MichouTweetğŸ’œ Mon Twitch : http://bit.ly/MichouTwitchSalut ! Aujourd'hui nouvelle vidÃ©o ! Dans cette vidÃ©o on va se faire un 24h sans les mains ! C'est un challenge que je me lance je dois passer toute ma journÃ©e sans utiliser mes mains, et franchement j'ai galÃ©rÃ© de fou sur ce challenge, je me suis retrouvÃ© dans des situations improbables avec des invitÃ©s exceptionnels, genre a faire un bowling avec Inox, faire un gÃ¢teau avec NazaAbonne-toi !ğŸ Devenir sponsor sur iOS : http://bit.ly/SoutieniOSğŸ‘¦ ChaÃ®ne secondaire : http://bit.ly/BobbyYtbğŸ“§ Adresse mail Pro : michou.video.officiel@gmail.commm"
"TZDftmyA-p0","Inoxtag est possÃ©dÃ© et fini dans la piscine gelÃ©e #6","2022-07-30T18:00:12Z","UCNGq4mP3Ds5OUGjPo8IJOcw","Valouzz","24","22.01.08","afrique du sud|afrique du sud vlog|vlog|vlog valouzz|valouzz|dobby|inox|inoxtag|lebouseuh|pidi|apo|vacances|vacances crouton|voyage crouton","2085358","0","0","3893","https://i.ytimg.com/vi/TZDftmyA-p0/default.jpg","False","True","Jour #6 des vacances des CroÃ»tons en Afrique du Sud !Aujourd'hui on est rester chill Ã  la villa mais Ã§a Ã  rendu Inoxtag completement POSSÃ‰DÃ‰ !!Inoxtag est possÃ©dÃ© et fini dans la piscine gelÃ©e #6Retrouvez moi sur les rÃ©seaux :â–º Instagram : https://www.instagram.com/valouzz_/â–º Twitch : https://www.twitch.tv/valouzzâ–º Twitter : https://twitter.com/valouzz_--------------------------------------------------------------------Contact :  valouzz.contact@gmail.com"
"ff9wrxk0_sk","DISCORD Ã€ UN INCROYABLE TALENT ! avec @Moby D","2022-07-30T16:00:21Z","UCTjWkgQsBFPsBhOs4p2VVZw","Evan","24","22.01.08","[none]","155894","0","0","281","https://i.ytimg.com/vi/ff9wrxk0_sk/default.jpg","False","True","NOUVEAU CONCEPT SUR LA CHAÃNE Jâ€™espÃ¨re que vous allez kiffer ! Si oui nâ€™hÃ©sitez pas Ã  Liker pour un Ã©pisode 2 ! Big love sur Moby aussiâ€¦ son beau visage la.. hein quoi ? Bref ^^Lien du Discord : https://discord.gg/evanvMES RÃ‰SEAUX :Instagram : https://instagram.com/evanv_77?utm_medium=copy_linkTiktok : https://vm.tiktok.com/ZM8Kbdmkg/Twitter : https://twitter.com/evanv_77?s=21Like et abonne toi par pitiÃ© ;("
"A-0il8O618o","ON RÃ‰POND Ã€ VOS QUESTIONS !","2022-07-31T08:00:02Z","UC1yj6r9v4rF85senIpdVsWQ","Just Helena","23","22.01.08","humour|vulgarisation|helena|just|drÃ´le|math|mathsefaitdesfilms|mariage|youtube|couple","71210","0","0","216","https://i.ytimg.com/vi/A-0il8O618o/default.jpg","False","True","Pour nettoyer votre mac avec CleanMyMac X, Ã§a se passe ici : https://bit.ly/CMMetJustHelenaDe nouvelles anecdotes de voyage et du wedding dans l'air, on passe en revue vos meilleures questions ! à¹ SUIVEZ MOI SUR MES RESEAUX :- MON INSTA : https://www.instagram.com/JustHelenaOff- MON TWITTER : https://twitter.com/JustHelenaOff"
"85kFZb4HH2Y","Full SummerSlam 2022 highlights (WWE Network Exclusive)","2022-07-31T05:34:31Z","UCJ5v_MCY6GNUBTO8-D3XoAg","WWE","17","22.01.08","Bayley|Becky Lynch|Bianca Belair|Dakota Kai|IYO SKY|Maximum Male Models|Nikki A.S.H.|Street Profits|The Miz|Titus O'Neil|Usos|superstars|world wrestling entertainment|wrestle|wrestler|wrestling|wwe|wwe 2021|Ù…ØµØ§Ø±Ø¹Ù‡|à¤•à¥à¤¶à¥à¤¤à¥€|à¤¡à¤¬à¥à¤²à¥‚ à¤¡à¤¬à¥à¤²à¥‚ à¤ˆ|à¤ªà¤¹à¤²à¤µà¤¾à¤¨|à¤®à¥ˆà¤š|à¤µà¥à¤¯à¤¾à¤µà¤¸à¤¾à¤¯à¤¿à¤• à¤•à¥à¤¶à¥à¤¤à¥€|à¤¸à¥à¤ªà¤°à¤¸à¥à¤Ÿà¤¾à¤°|roman reigns|brock lesnar|theory|bobby lashley|logan paul|pat mcafee|SummerSlam 2022|WWE SummerSlam|SummerSlam clip|summerslam 2022 highlights|edge","2038033","0","0","2201","https://i.ytimg.com/vi/85kFZb4HH2Y/default.jpg","False","True","Watch highlights from SummerSlam, featuring Roman Reigns, Liv Morgan, Bianca Belair, Bayley and more. Catch WWE action on Peacock, WWE Network, FOX, USA Network, Sony India and more.Stream WWE on Peacock https://pck.tv/3xP0IWP in the U.S. and on WWE Network http://wwe.yt/wwenetwork everywhere else---------------------------------------------------------------------Follow WWE on YouTube for more exciting action!---------------------------------------------------------------------Subscribe to WWE on YouTube: http://wwe.yt/Check out WWE.com for news and updates: http://goo.gl/akf0J4Watch WWE on Sony in India: http://www.wwe.com/SonySportsNetworkWatch WWE on Disney+ Hotstar in Indonesia: http://www.wwe.com/hotstarWatch WWE on Shahid: http://www.wwe.com/yt-shahidFind the latest Superstar gear at WWEShop: http://shop.wwe.com---------------------------------------------Check out our other channels!---------------------------------------------The Bella Twins: https://www.youtube.com/thebellatwinsUpUpDownDown: https://www.youtube.com/upupdowndownWWEMusic: https://www.youtube.com/wwemusicTotal Divas: https://www.youtube.com/wwetotaldivas------------------------------------WWE on Social Media------------------------------------Twitter: https://twitter.com/wweFacebook: https://www.facebook.com/wweInstagram: https://www.instagram.com/wwe/Giphy: https://giphy.com/wwe------------------------------------"
"84CqpX8X_4s","RC Live : RC Lens - West Ham","2022-07-30T18:16:46Z","UCE-f1Taamum6q2S-Ve4koSw","RCLens","17","22.01.08","rc lens|racing|racing club de lens","122772","0","0","10","https://i.ytimg.com/vi/84CqpX8X_4s/default.jpg","False","True","#RCLWHU Ã  Bollaert, c'est Ã  suivre en direct vidÃ©o sur #RCLive avec les commentaires de Nicolas Dhinaut et Namnata TraorÃ©."
"En4SssfwwM0","Jâ€™OUVRE DES COLIS Dâ€™ABONNÃ‰S #3 (Vous avez abusÃ© ğŸ˜­)","2022-07-30T09:02:00Z","UCAhaFPP6v3WCfK5Tjao0B7A","Mastu","23","22.01.08","Mastu|Mastus|Redbox|Humour|Matsu|loat","1497556","0","0","2047","https://i.ytimg.com/vi/En4SssfwwM0/default.jpg","False","True","Ouverture de colis, Ã©pisode 3 !Contact pro : Contact.mastu@gmail.comS'abonner â–º http://bit.ly/AbonnezVousCestGratuitTwitter â–º https://twitter.com/Mastuu_Instagram  â–º https://www.instagram.com/mastuu_/?hl=frMontage fait par Foxie Fern !Merci de rester poli et courtois dans l'espace commentaire ! Cette vidÃ©o est adaptÃ©e aux annonceurs, c'est une vidÃ©o tout public, de type humour et divertissement !Bonne vidÃ©o Ã  tous mes gazelles ! N'oubliez pas de vous abonner et d'activer la cloche pour ne rater aucune vidÃ©o ! Auteur de ma banniÃ¨re : @Vivizama sur Instagram !"
"jryHNV4QDDk","QUI DE NOUS 4 ? w/ Nos Parents","2022-07-30T17:22:34Z","UC7b2bijdFUzKl7shAqlX7pg","Tamburini's","24","22.01.08","[none]","176699","0","0","232","https://i.ytimg.com/vi/jryHNV4QDDk/default.jpg","False","True","Toutes les informations sont en dessous ! DÃ©roule !_______________________________________________________________ â˜…Coucou tout le monde, on espÃ¨re que vous allez bien, on se retrouve aujourd'hui avec une vidÃ©o Qui de nous 4? en compagnie de nos parents, on espÃ¨re que la vidÃ©o vous plaira!! REJOINS NOUS SUR LES RESEAUX â™¡t w i t t e r // @aiextamburinii n s t a g r a m // @tamburinialex & @lenatamburinioff s n a p c h a t // alextamburiniyt t i k t o k // @alextamburini & @lenatamburinicontact professionnel : alexprtmbr@gmail.com 1,1Mâ™¡ (MERCI ON VOUS AIME!!)"
"8h_RldLWKNI","MA TRANSFORMATION PHYSIQUE INCROYABLE ! (Ã  16 ans)","2022-07-30T10:00:05Z","UC9UudF3Y2GqMt8ijMjYkdCw","ADAM","24","22.01.08","[none]","196618","0","0","890","https://i.ytimg.com/vi/8h_RldLWKNI/default.jpg","False","True","AprÃ¨s 8 mois d'entrainement, je vous montre enfin le rÃ©sultat de tous mes efforts. J'espÃ¨re que cette vidÃ©o vous plaira :)ğŸ‘‰ Mes rÃ©seaux:INSTA: @adam_de_youtube TIKTOK: @adamparadisioMerci d'avoir regardÃ© cette vidÃ©o!"
"VPdlznqYLXQ","GENESIS 8 - ON EST CHEZ NOUS ! | Episode #3 - Super Smash Bros Ultimate","2022-07-30T18:00:20Z","UCDg-IpBx2a3MgCqSvnHCfvw","Bronol","20","22.01.08","Super|Smash|Bros|Ultimate|Switch|Melee|Wii|Trash|Trailer|Brawl|Bronol","70860","0","0","705","https://i.ytimg.com/vi/VPdlznqYLXQ/default.jpg","False","True","En avril 2022, 24 joueurs franÃ§ais sont partis en Californie pour dÃ©fier les meilleurs joueurs de Smash Bros. Ultimate du monde, voici leur histoire...ğŸ“£EPISODE 1 : https://youtu.be/Vn2XKLhMnM0ğŸ“£EPISODE 2 : https://youtu.be/rnpJfk1EPdwğŸ™Œ Si ce genre de documentaires vous plait, vous pouvez m'aider Ã  les financer sur mon Tipeee : https://fr.tipeee.com/bronol ou en devenant membre de ma chaine Youtube (bouton Rejoindre)ğŸ¶MUSIQUESPlaylist Youtube : https://youtube.com/playlist?list=PL43X_sPrnh7yEivWFUhdQJAXinUxdFRNM0:00 Introduction05:35 TOP 833:05 Conclusion#smashbros #smashultimate #esports"
"oGqrKrVFy9I","âœ…  TUTO D'INSTALLATION D'UNE SERRE TUNNEL Ep24S3 - LJVS","2022-07-31T06:15:01Z","UCxiqy-VOYw6uBE4raFCz4Ow","LJVS","26","22.01.08","LJVS|Laurent jacquet|RÃ©novation|RÃ©nover|maison|construction|travaux|menuiserie|travail du bois|charpente|comment rÃ©nover|diy|doityourself|ljvs maison|ljvs M6|peinture|foussier|outils|bois|jardin|extÃ©rieure|serre|serre tunnel|potager|melon|tutoriel|installation|montage serre|poulailler","33547","0","0","99","https://i.ytimg.com/vi/oGqrKrVFy9I/default.jpg","False","True","â–º Salut les bichons !! Aujourd'hui on vous montre comment installer une serre dans le jardin!!! YEAHH  â¬  DÃ©roule pour voir la description et les bons plans ğŸ”¥ğŸ”¥________________________________| âš ï¸ IMPORTANT âš ï¸ | Ã‰cris ton avis en commentaire  Active le pouce bleu, abonne-toi et active la cloche !!!! ________________________________| ğŸ”¥ğŸ¥°ğŸ”¥ MERCI ğŸ”¥ğŸ¥°ğŸ”¥|Merci Ã  tous les bichons pour votre soutien et votre fidÃ©litÃ© !!! Et Ã  tous les partenaires de la chaÃ®ne, nâ€™hÃ©sitez pas Ã  leur rendre visite et Ã  profiter des bons plans nÃ©gociÃ©s pour vous ğŸ˜—â–ºMV INDUSTRIE: SERRE RICHEL: https://bit.ly/3PHsWKVâ–ºLA FERME DE BEAUMONT: animaux, bassin...:https://bit.ly/3EImZqy_______________________________| ğŸ¥ SUIVEZ-MOI AU QUOTIDIEN SUR â¬‡ |â–¶ï¸ Ma chaÃ®ne : https://bit.ly/3DiZ1Duâ¡ï¸ Instagram : https://bit.ly/2WhcXcZ â¡ï¸ Facebook :  https://bit.ly/2T623VR â¡ï¸ Twitter :  https://bit.ly/3NkKjQVâ¡ï¸ Podcast : https://bit.ly/2xMPszağŸ”¥ğŸ¥°ğŸ”¥Merci encore pour vos soutiens et votre fidÃ©litÃ© !! AmitiÃ©s sincÃ¨res ğŸ”¥ğŸ¥°ğŸ”¥â¡ï¸ ğŸ”´ğŸ¥ Suivez Ã©galement notre chaÃ®ne Bichon TV ğŸ¥ ğŸ”´ :  bit.ly/2WhRcdq.On parle artisanat, bÃ¢timent, bricolage et on teste pour vous du matÃ©riel._______________________________ ğŸ’° â‡ï¸âš ï¸ LIENS ET BON PLANS âš ï¸â‡ï¸ ğŸ’°ğŸ”¥ğŸ›  Mon site d'outillage prÃ©fÃ©rÃ© : https://bit.ly/2WiKIL3 ğŸ› ğŸ”¥âœ…  â–º Code de rÃ©duction : ODP&LJVS*** Jâ€™achÃ¨te mes aciers ici : https://bit.ly/2LeRMlI ***âœ…  â–º Code promo spÃ©cial abonnÃ© 15% de remise : BICHONMETAL***  Pour acheter du rubio c'est ici : https://bit.ly/2xKVoZs ***âœ…  â–º Code promo rubio : BICHON419J'achÃ¨te toute ma peinture ici :***  Peinture, parquet, dÃ©co c'est ici : https://bit.ly/2YRO6hJ*** âœ…  â–º Code promo Seguret Decoration : LJVSâœ…  â–º Tous les autres partenaires et bon plans câ€™est ici : https://bit.ly/3aAuLnCâœ…  â–º Mes tenues ğŸ‘• câ€™est par lÃ  : https://bit.ly/3bkd5Nf_______________________________|â—ï¸âš ï¸ INFO TRANSPARENCE YOUTUBE â—ï¸âš ï¸|***Les liens ci-dessus peuvent Ãªtre des liens dâ€™affiliation vers un e-commerÃ§ant. Si vos cookies sont activÃ©s cela me permettra de toucher un petit pourcentage sur chaque vente. Cela vous permet dâ€™aider LJVS sans que cela vous coÃ»te plus cher. J'insiste en passant par ces liens, le prix ne change pas pour vous.  Merci de votre aide !***LJVS est une chaine YouTube libre et indÃ©pendante qui fonctionne grÃ¢ce au soutien de ses abonnÃ©s via Tipeee, la monÃ©tisation, les liens affiliÃ©s, la boutique des bichons. Cette chaine est Ã©galement soutenue et sponsorisÃ©e par des marques et entreprises, qui pour les besoins de mes vidÃ©os peuvent me fournir du matÃ©riel et Ã©quipement Ã  vous prÃ©senter. Ces partenaires peuvent Ã©galement Ãªtre sollicitÃ©s pour des concours, codes promos ou pour soutenir l'Ã©mission dans des investissements matÃ©riels ou logistiques, tels que dÃ©placements, rencontres abonnÃ©s, etc. Vous Ãªtes donc susceptibles, mÃªme si ce n'est pas systÃ©matique, de voir dans les vidÃ©os de cette chaine, des placements de produits ainsi que des promotions, concours et mises en avant de marques services ou produits. Sachez que dans tous les cas, ces actions sont effectuÃ©es consciencieusement et dans le respect total de mon indÃ©pendance et je suis le seul dÃ©cisionnaire de mon contenu. Ainsi, mÃªme si mes partenaires soutiennent l'Ã©mission ils n'ont pas pouvoir Ã  influencer mon ressenti, ni ma crÃ©dibilitÃ© envers mes prÃ©sentations. Les partenaires sont indispensables Ã  ce genre d'Ã©mission mais il est capital que le contenu des vidÃ©os de cette chaine soit et reste honnÃªte et crÃ©dible vis Ã  vis de ma communautÃ©. Vous pourrez prendre connaissance de ma charte de transparence que tous mes sponsors et partenaires valident ici : https://bit.ly/2SOn8E3â—ï¸Vous souhaitez nous contacter pour un Ã©ventuel partenariat ? Vous pouvez le faire ici : bichon.production42@gmail.com(mail relation partenaire uniquement)#ljvs #rÃ©novation #ep24  S3"
"yjsrY703uv4","RÃ©sumÃ© Inter Milan - OL | Dernier match de prÃ©paration | Olympique Lyonnais","2022-07-31T07:00:30Z","UCzHCZXmqIdjqRnpdp0l_T6g","Olympique Lyonnais","17","22.01.08","Olympique Lyonnais|lyon|Groupama Stadium|Stade|Match|Football|Ligue 1|LFP Champions League|Fekir|Lopes|Memphis|Aouar|Ndombele|Ligue des Champions|Jean-Michel|Aulas","54514","0","0","136","https://i.ytimg.com/vi/yjsrY703uv4/default.jpg","False","True","Un match nul pour clÃ´turer notre prÃ©paration, avec une merveille d'action collective conclue par Alex Lacazette, et une contre-attaque Ã©clair avec Rayan Cherki en finisseur ! ğŸ”´ğŸ”µRetrouvez le rÃ©sumÃ© d'Inter Milan - OL (2-2) ğŸ¥ğŸ“Abonnez-vous Ã  la chaÃ®ne de l'Olympique Lyonnais ğŸ‘‰ https://lyonna.is/abo-youtube ğŸ“Subscribe to the Olympique Lyonnais channel. ğŸ‘‰https://lyonna.is/abo-youtube"
"N1bM9OwKZAg","EXCLU : Sarah Fraisou vous prÃ©sente frÃ©quentation !!!!","2022-07-29T16:00:14Z","UCWerdmwdy0Ick4S4e0Que5w","Fraisou Officiel","24","22.01.08","Sarah Fraisou frequentation Dubai tÃ©lÃ© rÃ©alitÃ© couple mehdi","213877","0","0","444","https://i.ytimg.com/vi/N1bM9OwKZAg/default.jpg","False","True","En exclusivitÃ© je vous prÃ©sente l'homme qui partage ma vie depuis 1 ans (  Mehdi alias FREQUENTATION ) , c'est avec beaucoup de stresse, d'angoisse et d'apprÃ©hension que j'ouvre au monde mon intimitÃ© qui est rester secrÃ¨te pendant 1 ans. c'est la premiÃ¨re video d'une longue sÃ©rie entiÃ¨rement diffuser sur YouTube donc rester connecter la suite arrive bientÃ´t."
"7Y8C7o4KgZY","100 DATES EN 24 HEURES POUR MON PETIT FRÃˆRE | OcÃ©ane","2022-07-28T15:30:20Z","UCXqnG7hbmGYDqC1iTNkVdew","OcÃ©ane","22","22.01.08","oceane|ocÃ©ane|ocÃ©ane les anges|oce.rthn|oce","1208426","0","0","2141","https://i.ytimg.com/vi/7Y8C7o4KgZY/default.jpg","False","True","Merci Ã  air up ! https://tinyurl.com/airup-oceane-10% sur tout le site, valable jusqu'au 15/08 avec le code OCEANE !Merci Ã Mathilda mathildapttNatacha natasha_al7Tiara tiaracaz_proMarie-AmÃ©lie marieamelieleleuMorgane morganechaliifourOrnella ornellagamonRomane sainte_romaneJustine juustinesoaresElise elis0uille_Coralie _nefertiteMaria mariyaleaLaura maiidenPauline polluxciaElisa xelisaJoanna jo.novinaEmma emma.iguinizAlizee alizee.dqrFlorence florence.jfJhenifer jhenifer.hnCassandre cass_karaMarina marinaa.sMarie docteurmignotTaline taline_8Enjoy et n'oublie pas de liker et de t'abonner.ğŸ¥ On devine qui est son mec Â» https://www.youtube.com/watch?v=8kzU3gF92o0ğŸ› Abonne toi Ã  ma chaÃ®ne pour te joindre Ã  la Team et active la cloche de notifications pour ne jamais manquer mes nouvelles vidÃ©os! Â» https://www.youtube.com/channel/UCXqnG7hbmGYDqC1iTNkVdew  pour d'autres vidÃ©os!ğŸ’ LET'S BE FRIENDSINSTAGRAM Â» https://www.instagram.com/oce.rthnTIKTOK Â» oce.rthnSNAPCHAT Â» greenosheuunğŸ’Œ Contact professionnel Â» oceane@coucouguys.com"
"O8fzv6_wsGo","JE TESTE LE TOBOGGAN LE PLUS EXTRÃŠME !!! (ultra flippant)","2022-07-30T18:19:03Z","UCzpPyEzH7zcwNzuycEaWgAQ","NÃ©o The One","24","22.01.08","nÃ©o the one|swan the voice|swan et nÃ©o|fortnite|challenge|vlog|youtubeur|influenceur|tiktok|parc aquatique|TIKTOKEUR|tiktokeur|toboggan|JE TESTE LE TOBOGGAN LE PLUS EXTRÃŠME !!! (ultra flippant)|extrÃªme|tobbogan aquatique|aquatique|sensations fortes|fun|incroyable parc aquatique|toboggan aquatique|toboggan aquatique extreme|parc aquatique extreme|Chute libre|toboggan aquatique chute libre","86526","0","0","141","https://i.ytimg.com/vi/O8fzv6_wsGo/default.jpg","False","True","Yo les gars !Aujourdâ€™hui JE TESTE LE TOBOGGAN LE PLUS EXTRÃŠME !! ğŸ˜±J'ai grave flipper.Bonne vidÃ©o ! ğŸ˜ğŸ¤–Mon discord : https://discord.gg/ZBryuA7Brbâ¡ï¸Mon Tiktok : https://www.tiktok.com/@itsneotheoneğŸ‘•Le t-shirt que je porte : https://www.sweoshop.com/â­ï¸Photos exclusives sur Instagram : https://www.instagram.com/neo.officiel/"
"Zl8TeG3eLvA","IL A VRAIMENT DIT Ã‡A AU DIRECTEUR LÃ€ ??? (Pensionnat de Sarlat #2)","2022-07-30T09:15:01Z","UCExLbK-vl-4kRV-2cScRtPw","Linca","24","22.01.08","linca|loat|pensionnat|de|chavagne|sarlat|il a vraiment dit Ã§a au directeur lÃ |navaron|rÃ©act|#2","178564","0","0","312","https://i.ytimg.com/vi/Zl8TeG3eLvA/default.jpg","False","True","On regarde le deuxiÃ¨me Ã©pisode du pensionnat de Sarlat et lui vraiment il fait trop le fou avec Navaron...Ma chaÃ®ne Twitch : https://www.twitch.tv/linca. La chaÃ®ne secondaire : https://www.youtube.com/channel/UCIeD9nXMZmJWeq3zl3UtA9wLa chaÃ®ne VOD : https://www.youtube.com/channel/UCN4kE487400QARLk3iNczPgâœ” N'oublie pas de t'abonner et de mettre la cloche pour Ãªtre mis au courant quand je publie une nouvelle vidÃ©o ![Retrouvez moi sur mes rÃ©seaux]----------------------------------------------------â¤TWITTER : https://twitter.com/Lincamionâ¤INSTAGRAM : https://www.instagram.com/lincamion"
"-zgTC_l_guc","PETETE","2022-07-28T19:06:13Z","UCOMaI25QdewGFRixct6iNow","Gambi - Topic","10","22.01.08","Gambi|PETETE","488804","0","0","0","https://i.ytimg.com/vi/-zgTC_l_guc/default.jpg","False","True","Provided to YouTube by Rec. 118PETETE Â· GambiPETETEâ„— Label Rec.118, â„— 2022 Warner Music FranceProgramming: 808smooveProgramming: Elias BeatsLead  Vocals: GambiProgramming: Jimmy LeanProgramming: Rune Reilly KoelschRecording &  Mixing: WComposer: 808smooveComposer: Elias BeatsLyricist: GambiComposer: Jimmy LeanComposer: Rune Reilly KoelschAuto-generated by YouTube."
"wMp5fHyOvsc","RÃ©sumÃ© Supercoupe : ManÃ© et le Bayern remportent un match fou contre Leipzig !","2022-07-30T20:58:37Z","UCfj4kQ6_mYO5r4hzX5KloVw","beIN SPORTS France","17","22.01.08","Foot|Football|rÃ©sumÃ©|highlights|but|buts|Bayern munich|bayern|munich|serge gnabry|gnabry|leros sanÃ©|sanÃ©|alphonso davies|davies|goretzka|leon goretzka|sule|lucas hernandez|hernandez|pavard|benjamin pavard|coman|kingsley coman|thomas muller|muller|Sadio Mane|manÃ©|Jamal Musiala|kimmich|Sabitzer|Matthijs De Ligt|Gravenberch|Mazraoui|Rb Leipzig|leipzig|Dominik Szoboszlai|klostermann|sabitzer|nkunku|christopher nkunku|dani olmo|olmo|laimer|poulsen|sÃ¶rloth|halstenberg","567226","0","0","533","https://i.ytimg.com/vi/wMp5fHyOvsc/default.jpg","False","True","[ğŸ“º RÃ‰SUMÃ‰ VIDÃ‰O] ğŸ‡©ğŸ‡ª #Supercoupe ğŸ”¥ Le Bayern Munich assure le spectacle contre Leipzig et remporte la Supercoupe !ğŸ’¥ Une victoire 5-3, avec un but de Sadio ManÃ© !ğŸ’ª Musiala, Pavard et Gnabry ont Ã©galement marquÃ© !ğŸ’» RÃ©sumÃ©s, buts, articles, vidÃ©os, ... â¡ï¸ www.beinsports.comğŸ“± Retrouvez-nous sur les rÃ©seaux sociaux :â¡ï¸ Facebook : https://www.facebook.com/beINSPORTSFranceâ¡ï¸ Twitter : https://twitter.com/beinsports_FRâ¡ï¸ Instagram : https://www.instagram.com/beinsports_fr/â¡ï¸ TikTok : https://www.tiktok.com/@beinsportsfr"
"UltzP3MLdTA","RÃ©sumÃ© : Salah et Nunez offrent le Community Shield Ã  Liverpool contre Manchester City !","2022-07-30T18:28:18Z","UCfj4kQ6_mYO5r4hzX5KloVw","beIN SPORTS France","17","22.01.08","Foot|Football|rÃ©sumÃ©|highlights|but|buts|community shield|liverpool|manchester city|erling haaland|haaland|Ederson|Kyle Walker|dias|Kevin De Bruyne|rodri|bernardo silva|Riyad Mahrez|Jack Grealish|Phil Foden|Julian AlvarezÂ¸Virgil Van Dijk|Trent Alexander-Arnold|fabinho|Thiago Alcantara|Luis Diaz|Roberto Firmino|Mohamed Salah|Darwin Nunez","593803","0","0","600","https://i.ytimg.com/vi/UltzP3MLdTA/default.jpg","False","True","[ğŸ“º RÃ‰SUMÃ‰ VIDÃ‰O] ğŸ‡¬ğŸ‡§ #CommunityShieldğŸ’¥ Liverpool sâ€™impose contre Manchester City, et remporte le trophÃ©e !ğŸ’ª Une victoire 3-1 avec des buts dâ€™Alexander-Arnold, Salah et Nunez !âš¡ Alvarez avait Ã©galisÃ© dâ€™un but trÃ¨s litigieux, Haaland est restÃ© muet !ğŸ’» RÃ©sumÃ©s, buts, articles, vidÃ©os, ... â¡ï¸ www.beinsports.comğŸ“± Retrouvez-nous sur les rÃ©seaux sociaux :â¡ï¸ Facebook : https://www.facebook.com/beINSPORTSFranceâ¡ï¸ Twitter : https://twitter.com/beinsports_FRâ¡ï¸ Instagram : https://www.instagram.com/beinsports_fr/â¡ï¸ TikTok : https://www.tiktok.com/@beinsportsfr"
"4ddr5-TFgCA","Tiakola - Mode AV (Clip officiel) ft. Niska, Gazo","2022-07-28T16:00:05Z","UCGZjM4VEQquMMkLaEFnWPDA","TiakolaVEVO","10","22.01.08","Tiakola 2022|Tiako 2022|Tyakola 2022|Tiakola clip|Tiako clip|Tyakola clip|Tiakola Mode AV|Tiako Mode AV|Tyakola Mode AV|Tiakola Gasolina|Tiako Gasolina|Tyakola Gasolina|Tiakola Rsko|Tiako Rsko|Tyakola Rsko|Tiakola Gazo|Tiako Gazo|Tyakola Gazo|Tiakola Kassav|Tiako Kassav|Tyakola Kassav|Tiakola MÃ©lo|Tiako MÃ©lo|Tyakola MÃ©lo|Tiakola 4Keuss|Tiako 4Keuss|Tyakola 4Keuss|Tiakola Wati|Tiako Wati|Wati","1167552","0","0","1570","https://i.ytimg.com/vi/4ddr5-TFgCA/default.jpg","False","True","#Tiakola #ModeAV #MÃ©lo Album Â« MÃ©lo Â» disponible sur toutes les plateformes : tiakola.lnk.to/MeloAlbum En concert Ã  Paris Lâ€™Olympia le 12/03/2023 & en tournÃ©e dans toute la France Info & RÃ©sa sur http://www.tiakola.live Producteur : Wati B Prod by Heeze Lee / SpectraDirected by LÃ©o JoubertProduced by Vanta Abonnes toi ici : https://www.youtube.com/c/tiakolaofficiel/?sub_confirmation=1 Connecte toi avec Tiakola : Instagram : https://www.instagram.com/tiakola_meloo/?hl=fr Facebook : https://www.facebook.com/tiakolaofficiel/ Tik Tok : https://vm.tiktok.com/ZML3JGoyK/ Snapchat : https://www.snapchat.com/add/tiako_melo Twitter : https://twitter.com/tiakola_meloo Youtube: https://www.youtube.com/c/tiakolaofficielMusic video by Tiakola, Niska & Gazo performing MODE AV - Â©ï¸2022"
"Dh-KfICUOKw","Pourquoi le clip de ce rappeur nâ€™est jamais sorti ?","2022-07-30T09:00:05Z","UCA6rJQnIFgQOcjO-xtNV7lg","Hardisk","24","22.01.08","pire tournage|tournage paris|albert sos cine|sos cine|albert hardisk|pire tournage de paris|ancdotes|anecdotes tournage|et elle marche encore|clip rap anecdote|clip rap|rappeur|pire clip de rap|pire clip|artiste|tournage de fou","71451","0","0","382","https://i.ytimg.com/vi/Dh-KfICUOKw/default.jpg","False","True","On sait que vous aimez les dingueries d'Albert alors on vous a rÃ©galÃ© pour fÃªter les 300K abonnÃ©s ! Merci de fou ! ğŸ™â–º Ne rate aucune des vidÃ©os : http://bit.ly/HardiskYTâ–º Rejoins moi en ğŸ”´LIVEğŸ”´ : https://cutt.ly/jUU2qPNâ–º Inscrit toi Ã  la Newsletter : https://cutt.ly/aQrvb7Nâ–º Mes super rÃ©seaux sociauxDISCORD : http://discord.gg/HardiskINSTAGRAM : http://www.instagram.com/HardiskTWITTER  : http://www.twitter.com/Hardisk FACEBOOK : http://www.facebook.com/HardiskVideosâ–º Le matÃ©riel que j'utilise : https://amzn.to/399g1ib"
"-E3Rb0LPmmk","On rend les chaussures volÃ©es Ã  Inoxtag (il est pas content) #5","2022-07-29T18:00:14Z","UCNGq4mP3Ds5OUGjPo8IJOcw","Valouzz","24","22.01.08","Vlog croÃ»ton|vlog afrique du sud|vlog valouzz|vlog|valouzz|team croÃ»ton|voyage croÃ»ton|vacances croÃ»ton|afrique du sud|villa|pingouin|prank|prank inox|inox|inoxtag|lebouseuh|dobby|pidi|apo|mario|guide afrique du sud","2253182","0","0","4102","https://i.ytimg.com/vi/-E3Rb0LPmmk/default.jpg","False","True","Jour #5 des vacances des CroÃ»tons ! Aujourd'hui, Mario nous emmÃ¨ne faire du kayak pour voir des pingouinsOn rend les chaussures volÃ©es Ã  Inoxtag (il est pas content) #5Retrouvez moi sur les rÃ©seaux :â–º Instagram : https://www.instagram.com/valouzz_/â–º Twitch : https://www.twitch.tv/valouzzâ–º Twitter : https://twitter.com/valouzz_--------------------------------------------------------------------Contact :  valouzz.contact@gmail.com"
"7WyHtSlvHD4","BLACKPINK X PUBG MOBILE - â€˜Ready For Loveâ€™ M/V","2022-07-29T04:00:03Z","UCOmHUn--16B90oW2L6FRR3A","BLACKPINK","10","22.01.08","YG Entertainment|YG|ì™€ì´ì§€|K-pop|BLACKPINK|ë¸”ë™í•‘í¬|ë¸”í•‘|ì œë‹ˆ|ë¡œì œ|ë¦¬ì‚¬|ì§€ìˆ˜|LISA|JISOO|JENNIE|ROSÃ‰|BLINK|ë¸”ë§í¬|PUBGMOBILE|BLACKPINK PUBGMOBILE|Ready For Love|RFL|BLACKPINK RFL|BLACKPINK Ready For Love","31351725","0","0","548417","https://i.ytimg.com/vi/7WyHtSlvHD4/default.jpg","False","True","BLACKPINK X PUBG MOBILE - â€˜Ready For Loveâ€™ M/Vì˜¤ëŠ˜ í•˜ë£¨ë„ ë‚´ ë¨¸ë¦¿ì†ì€ ì˜¤ì§ Y-O-UCanâ€™t get you out of my headë°¤ìƒˆ ë¹„ì›Œë‚¸ ë³‘ì˜ ìƒ‰ì€ BLUEYeah, ë„Œ ë„ëŒ€ì²´ ëª‡ ë²ˆì„ ë‚´ ë§˜ ê°€ì ¸ë‹¤ ë²„ë¦° ê±´ì§€ ëª°ë¼ìƒê°ì˜ ê¸°ì°¨ëŠ” ì‰¬ì§€ ì•Šê³  ë‹¬ë ¤ê°€ ë°¤ìƒˆ ëª» ìYeah, ë„Œ ì•„ì‰¬ìš¸ ë•Œë§Œ Yeah, ê·¸ì € ì•„ì‰¬ìš¸ ë•Œë§Œ ë‚ Yeah, ê·¸ë˜ ì•„ì‰¬ìš¸ ë•Œë¼ë„ ë„ˆë¼ë©´ ì¢‹ìœ¼ë‹ˆê¹Œì´ì   ê¸°ë‹¤ë¦´ ê²ƒë„ ì—†ì–ì•„ê²ë‚¼ í•„ìš”ë„ ì—†ì–ì•„ë„¤ ì‹¬ì¥ì˜ ìƒ‰ê¹”ì„ ë³´ì—¬ì¤˜ì •ë§ ë‚´ ì„¸ìƒì—” ë„¤ê°€ í•„ìš”í•´ë‘ ëˆˆì„ ë– ë´ ë„¤ ì•ì— Here I amIâ€™m ready for loveTell me when youâ€™re readyCuz Iâ€™m already readyTell me when youâ€™re readyCuzIâ€™m ready for loveIâ€™m ready for love Iâ€™m ready for loveIâ€™m ready for loveIâ€™m ready for loveReady or not, here I come and Iâ€™m runningLike itâ€™s now or never, I never know if you want itWhat if love wasnâ€™t what it was supposed to be?What if thereâ€™s no Romeo for me?No hope, no roses, no more notes to readSo I keep my eyes closed to seeWhat I need is forever and forever baby, not sometimesWhen you want it then you best come find me cuz Iâ€˜m readyì´ì   ê¸°ë‹¤ë¦´ ê²ƒë„ ì—†ì–ì•„ê²ë‚¼ í•„ìš”ë„ ì—†ì–ì•„ë„¤ ì‹¬ì¥ì˜ ìƒ‰ê¹”ì„ ë³´ì—¬ì¤˜ì •ë§ ë‚´ ì„¸ìƒì—” ë„¤ê°€ í•„ìš”í•´ë‘ ëˆˆì„ ë– ë´ ë„¤ ì•ì— Here I amIâ€™m ready for loveTell me when youâ€™re readyCuz Iâ€™m already readyTell me when youâ€™re readyCuzIâ€™m ready for loveIâ€™m ready for love Iâ€™m ready for loveIâ€™m ready for loveIâ€™m ready for loveë„¤ ì˜í˜¼ê³¼ ëª¨ë“  ê²ƒì´ë‚  í™©í™€í•˜ê²Œ í•´ ê¸°ë» ì›ƒê²Œ í•´ë‚˜ì  ê±° ì—†ì–ì•„ë„¤ ëª¨ë“  ê±¸ ë‚  ìœ„í•´ ë˜ì§ˆ ë•Œë„ ì§€ì¼œì¤„ê²ŒLalala lalalala Lalala lalalalaLalala lalalala Lalala lalalalaMore about BLACKPINK @http://www.blackpinkofficial.com/http://www.facebook.com/BLACKPINKOFFICIALhttp://www.youtube.com/BLACKPINKOFFICIALhttps://www.instagram.com/BLACKPINKOFFICIALhttps://twitter.com/BLACKPINK#BLACKPINKxPUBGM #BLACKPINK #ë¸”ë™í•‘í¬ #PUBGM #ë°°í‹€ê·¸ë¼ìš´ë“œëª¨ë°”ì¼ #SPECIALTRACK #ReadyForLove #OUTNOW #YG"
"lQCu-czIGiI","J'ESSAYE ENCORE LE 2 ROUES EN VOITURE.... (Ã©chec total)","2022-07-31T10:00:24Z","UCMSA4KvFVDy45aQ3OnrGADA","thierry vigneau Boiserie","2","22.01.08","[none]","258837","0","0","382","https://i.ytimg.com/vi/lQCu-czIGiI/default.jpg","False","True","///M3 G80 A GAGNER !Pour tentez de la gagner c'est trÃ¨s simple, tout se passe sur mon site internet, procures-toi le tee-shirt dÃ©diÃ© au concours et Ã§a y est ton inscription est prise en compte,â¡ï¸ https://la-boiserie.fr/concoursAujourd'hui je vous fais gagner ma m3 g80 que vous connaissez, elle a enfin le style rÃªvÃ© (fini les dents de coco lapin). J'ai fait plein de modif dessus !! Elle est magnifique avec son look full carbone !Bonne chance a tous !CHAUD CHAUD CHAUD CA COGNE !"
"tfr8ZiDKx_E","48H Pour RÃ©ussir Une PISTE NOIRE de DH Sans ExpÃ©rience ? ğŸš´","2022-07-29T16:01:43Z","UCTAqiGK5Sjjb1IRDGYB04Zg","Tristan","24","22.01.08","pmp|experience|apprendre|vtt|vtt descente|vtt enduro|vtt pierre soriot|pierre soriot|pierre soriot vtt|descente vtt|descente|descente vtt extreme|piste noir|piste noir vtt|vtt offroad|vÃ©lo|apprentissage|expÃ©rimentation|experimenter|faire du vÃ©lo descente|tomber Ã  vÃ©lo|chute vtt|tristan pmp|pmp 2022|premiÃ©re fois piste noir|piste bleu vtt|piste verte vtt|piste rouge vtt|apprendre le vÃ©lo|vtt dh|vtt trial|tristan chute|practice|DH|DOWNHILL|VÃ‰LO","182452","0","0","360","https://i.ytimg.com/vi/tfr8ZiDKx_E/default.jpg","False","True","Descendre une Piste noire de VTT en seulement 48 heures dâ€™entraÃ®nement, c'est possible ? ğŸGagnant du jeu-concours Motocross : Tom Engloo ğŸ La derniÃ¨re fois que je suis montÃ© sur un VTT j'ai fini Ã  L'HOPITAL donc jâ€™sais pas trop mdrrrrrr. Pourtant quand le copain @Pierre SORIOT  m'a invitÃ© dans son patelin prÃ¨s des montagnes pour Practice, jâ€™ai pas pu mâ€™empÃªche dâ€™accepter ce dÃ©fi mÃªme si au fond j'Ã©taiiiiis paaaaasssss 100% chaud ğŸ¥µLâ€™objectif est simple : rÃ©ussir Ã  descendre une piste noire de DH dâ€™une seule traite en posant le moins possible les pieds. Et celle quâ€™on doit valider est quand mÃªme plutÃ´t accidentÃ©e sa mÃ¨re. Mais Ã©tant donnÃ© que sur cette chaÃ®ne on apprend et on expÃ©rimente dans tous les domaines possibles, je me dois de remonter sur un vÃ©lo et ne pas reproduire les mÃªmes erreurs du passÃ© ğŸ˜¬J'ai quelques descentes en DH urbaine grÃ¢ce au boss  @Aurelien Fontenoy qui m'a invitÃ© pour sa compÃ©tition de DH mais je ne me suis jamais entraÃ®ner pour alorsâ€¦ bienvenue dans ce nouveau PMP ahah ! Je suis Ã©quipÃ© comme jaja (et dinaz) prÃ¨s Ã  affronter ma plus grande peur c'est Ã  dire ne pas me TUER â˜ ï¸#PracticeMakesPerfect #DH #VÃ©loDeDescente LES LIENS UTILES â¤ï¸â¡ï¸ Mon Sponsor BULK : https://bit.ly/PromosBULK ğŸ’ªğŸ½ (code promo -45% : BUDDY)â¡ï¸ Mon Sponsor GYMSHARK : http://gym.sh/Soldes-Tristan ğŸ’ªğŸ½   â¡ï¸ Ma marque de vÃªtements PMP : https://bit.ly/PMP_ ğŸ‘• (code promo : TEAMYOUTUBE)â¡ï¸ Ma marque de THÃ‰ BIO PMTEA : https://bit.ly/PMTEA_ ğŸµ      (code promo : TEAMYOUTUBE)â¡ï¸ Mon jeu de carte d'introspection : https://controlyourmind.fr/discount/BUDDY â¡ï¸ Le livre que j'ai Ã©cris : https://bit.ly/LMF_ğŸ“–  â¡ï¸ Ton coaching par tÃ©lephone : https://bit.ly/AppelleMoi__ğŸ“ â¡ï¸ Ton programme de sport GRATUIT : https://bit.ly/ProgrammeGratuit_ ğŸ‹ğŸ½â€â™€ï¸"
"kJX_S8WdIAw","LA JOURNÃ‰E LA PLUS CHAUDE DE NOTRE VIE","2022-07-29T16:15:02Z","UC3rxwrZSiTp6Kk2RXcyHtCA","L'atelier de Roxane","24","22.01.08","latelierderoxane|atelier de roxane|l'atelier de roxane|latelier de roxane|roxane|video drole|roxane et louane|roxane et loic|video fun|roxane lmp|video drole a mourir de rire|24h avec nous|24h|canicule|canicule 2022|video famille|vlog|vlog voyage|vlog vacance|vlog famille|pendant 24h|video en famille|vlog family|24h avec moi|activitÃ©s en famille|mathys gaming|24 hours|video 24h|24h roxane|vlog vacances|family vlogs|vlogs|vlogger|voyage","274360","0","0","588","https://i.ytimg.com/vi/kJX_S8WdIAw/default.jpg","False","True","Merci Ã  WATERDROP d'avoir sponsorisÃ© cette vidÃ©o. â¬‡ï¸ CODE QUI OFFRE -10% SUR TOUT LE SITE : 10ROX â¬‡ï¸ LIEN DU SITE : https://go.waterdrop.com/LatelierdeRoxane-june22 On se retrouve aujourd'hui pour un nouveau vlog voyage 24H avec nous pendant la canicule dans le sud ouest. Dans ce vlog famille, nous vous montrons toutes las activitÃ©s que nous avons faites pour nous rafraÃ®chir pendant cette journÃ©e intense. Les tempÃ©ratures ont explosÃ© tous les records ! â™¡ Clique juste ici pour t'abonner â¡ï¸ http://bit.ly/2e8cGAA et active la petite ğŸ”” pour ne rater aucune vidÃ©o ! â™¡ â™¡ TÃ©lÃ©charge gratuitement mon jeu vidÃ©o L' atelier de Roxane la course aux gÃ¢teaux â¡ï¸ https://apps.apple.com/app/id1521964991 â¡ï¸ https://cutt.ly/wjPKuzK â™¡ Retrouve ma boutique l'atelier de Roxane : https://www.latelierderoxane.com ğŸ“Œ VIENS NOUS SUIVRE SUR NOS RÃ‰SEAUX : â™¡ Instagram & Tiktok : LATELIERDEROXANE & LEVRAININOU â™¡ Facebook : http://bit.ly/2e88NvJ â™¡ Je vous fais pleins de bisous sucrÃ©s !!! #LATELIERDEROXANE"
"0WcU8kDTwKo","Liverpool v Manchester City | Key Moments | FA Community Shield 2022","2022-07-30T19:03:53Z","UCChcWqwYXCEs657MQ00qVWA","The Emirates FA Cup","17","22.01.08","Key Moments|Liverpool|Manchester City|darwin nunez|darwin nunez goals|Community Shield|Community Shied 2022|football highlights","1928814","0","0","1229","https://i.ytimg.com/vi/0WcU8kDTwKo/default.jpg","False","True","Follow @EmiratesFACup on Twitter for in-game highlights and match updates!https://twitter.com/emiratesfacupSubscribe:https://www.youtube.com/thefacupTo find out more about The Emirates FA Cup visit:TheFA.com/EmiratesFACupThe Emirates FA Cup on Facebookhttp://www.facebook.com/TheFACup"
"lNmNELKXBV8","Ã‡A Y EST ! JE DÃ‰MÃ‰NAGE ğŸ“¦ #3","2022-07-30T10:56:18Z","UCPUp9zXmCUFNAp38z3kHPcg","Emma Paris","26","22.01.08","EmmaCakeCup|Cupcake|humour|Emma Paris|Paris","88071","0","0","112","https://i.ytimg.com/vi/lNmNELKXBV8/default.jpg","False","True","âœ¿ Ne dÃ©roule pas la barre d'infos âœ¿Tu es un petit rebelle, j'aime Ã§a. â˜ Mets la 4k c'est mieux ! â˜‘â˜ Je filme avec SONY a 7 IIIâ˜ Je fais mes montages avec Final Cut Pro xDES CHOSES Ã€ SAVOIR â™¡ - https://mederreg.comMES VÃŠTEMENTS DANS CETTE VIDEO â™¡ - Haut : Zara- Short : Bershka- Chaussures : adidas Yeezy OÃ™ ME RETROUVER â™¡ - INSTAGRAM : https://www.instagram.com/emma.paris/?hl=fr- TWITTER : https://twitter.com/emmacakecup je suis plus trop active dessus pcq twitter Ã§a pue la merde - SPOTIFY â™¡  Emmacakecup ou Emma Caritz- SOUNDCLOUD â™¡  https://soundcloud.com/emmacakecup- SNAPCHAT â™¡ https://www.snapchat.com/add/emmactz  ou EmmaCtzSINON â™¡ - Je m'appelle Emma et j'ai 26ans.- J'habite toujours prÃ¨s de ParisN'hÃ©sitez pas a vous abonner pour Ãªtre au courant de mes nouvelles vidÃ©os âœŒJe vous aime. â™¡"
"4Eo8BiYWpLc","Ã€ QUEL POINT ES-TU UN RAT ?","2022-07-30T16:00:03Z","UCgjWR5Vs8fZGeGW-QUCojRg","Moby D","22","22.01.08","[none]","58269","0","0","202","https://i.ytimg.com/vi/4Eo8BiYWpLc/default.jpg","False","True","Salut les ratsğŸ€,jâ€™espÃ¨re que vous avez passÃ© une bonne vidÃ©o en ma compagnie, mais sinon Ã  quel points vous Ãªtes des rats vous? Dites le moi en commentaireâ¬‡ï¸â¬‡ï¸â¬‡ï¸site : https://www.quizz.biz/quizz-1075240.html#debutform1075240MES RÃ‰SEAUX :Instagram : https://www.instagram.com/moby.lmb/Tiktok : https://www.tiktok.com/@moby.lmb?lang=frTwitter : https://twitter.com/moby_lmbMonteur : https://www.instagram.com/amri_ayoub77/"
"op8kvc8YkiM","ThomasN'Gijol : La belle Ã©poque, ou pas ... - Les Anonymes Anonymes","2022-07-30T17:00:34Z","UC74gnbhM7VstSzIfQfzUX9g","Amuse Bouche","24","22.01.08","Amuse Bouche|Humour|Stand up|Talk Show|Emission|Exclusif|Ã©mission en ligne|exclusivitÃ©|Interview|Anecdote|talk show|sketch|Roman Frayssinet|anecdotes|anecdote|infos|ahmed sparrow|djimo|redouane bougheraba|Hakim Jemili|humoriste|comedien|acteur|ThomasN'Gijol|thomas ngijol|ngijol|Cameroun|Jamel Comedy Club|jamel debbouze|case depart|humoristes|fastlife|Le Crocodile du Botswanga|confidences|secrets|MRQABOS1E087","68957","0","0","76","https://i.ytimg.com/vi/op8kvc8YkiM/default.jpg","False","True","Thomas N'Gijol Ã©voque l'importance de l'effet de groupe et de sa pÃ©riode un peu blouson noir. En vrai ? Arrivez-vous Ã  imaginer Thomas en train de se bagarrer ? Abonne-toi Ã  la chaÃ®ne : https://bit.ly/3OcZivO // Time codes //00:00 La bagarre 05:00 L'ancienne Ã©poque ğŸ¬ Pour voir notre derniÃ¨re vidÃ©o, c'est par ici : https://youtu.be/RXBkyzWbodcğŸ”¥ Suivez-nous :Facebook : https://www.facebook.com/Amuse-Bouche/Notre invitÃ©Instagram : https://www.instagram.com/thomas_ngijol/?hl=en#humour #interview #ThomasN'Gijol"
"8FrfCwtVqis","INTER vs LIONE 2-2 | HIGHLIGHTS ğŸ‡¬ğŸ‡§âš«ğŸ”µ","2022-07-30T23:23:58Z","UCvXzEblUa0cfny4HAJ_ZOWw","Inter","17","22.01.08","Inter|Internazionale|Inter Milan|fc inter|FC Internazionale|fc internazionale milano|inter tv|Inter Media House|inter channel","163201","0","0","211","https://i.ytimg.com/vi/8FrfCwtVqis/default.jpg","False","True","The highlights from Inter's 2-2 friendly draw with Lyon in Cesena. Romelu Lukaku and NicolÃ² Barella found the net for the Nerazzurri.ğŸ–‹ SUBSCRIBE on YOUTUBE ğŸ“¹ğŸ‘‡ğŸ»https://www.youtube.com/subscription_center?add_user=interFollow us ğŸ“± ğŸ’» ğŸ‘‡ğŸ»FACEBOOK: http://facebook.com/interINSTAGRAM: https://instagram.com/interTWITTER: http://twitter.com/inter_enTIK TOK: https://www.tiktok.com/@interINTER OFFICIAL APP: http://www.inter.it/en/inter-official-appTWITCH: https://www.twitch.tv/inter"
"GVFDnYtbJ9s","J'ai craftÃ© 13 654 Cartes pour humilier la Turquie... - Episode 15 | NationsGlory S3","2022-07-30T19:37:03Z","UCfznY5SlSoZoXN0-kBPtCdg","Fuze III","20","22.01.08","Minecraft|Fuze|FuzeIII|EarthNG|NationGlory|NG|Turquie|Vengeance","451522","0","0","1926","https://i.ytimg.com/vi/GVFDnYtbJ9s/default.jpg","False","True","ğŸ’¬ Mon Discord: http://discord.gg/fuzeiiiğŸ‘•Acheter les peluches Didier: http://fuzeshop.frğŸ“š Ma BD Fuze et Didier: https://amzn.to/38CqIvRVenez jouer avec moi sur Paladium: http://paladium-pvp.fr/ğŸ®Instant Gaming (Jeux Ã  -70%): https://www.instant-gaming.com/fr/giveaway/FUZECREDITS :- Musique intro/outro : Disco on Tutti - Incompletech sous licence Creative Commons.- Un crÃ©dit manquant ? â†’ https://credits.fuzeiii.fr/reportğŸ¬ Ma chaÃ®ne secondaire: https://www.youtube.com/channel/UCzTTYntJHARp5YCxakwUepAğŸ“· Mon Instagram: http://instagram.com/fuzeIII_hdğŸ¦ Mon twitter : http://twitter.com/FuzeIIIğŸ”´ Ma chaÃ®ne Twitch : http://twitch.tv/FuzeIIIğŸµ Mon TikTok: https://www.tiktok.com/@fuzeiii_ytğŸ’¬ Mon Discord: http://discord.gg/fuzeiiiğŸ‘‰ Code crÃ©ateur EpicGames: FuzeLeVraiâ¬†ï¸ Mon subbredit pour les memes: https://www.reddit.com/r/FuzeLeVrai/"
"mCw0CalPQ7M","Capital T X Anxhela Peristeri X Mandi - HABIBI (Official Video)","2022-07-30T13:00:03Z","UCGLu20iKuz8ZzZ8xYv5YsXA","Capital T","24","22.01.08","capital t|anxhela peristeri|mandi|habibi|capital t habibi|anxhela peristeri habibi|mandi habibi|capital t anxhela peristeri mandi habibi|xhensila noizy|fifi gjiko|gent fatali fifi|dhurata dora elvana gjata|matolale ronela hajati|butrint imeri tayna|lluni ledri vula|romeo ermal fejzullahu|bardhi majk|don xhoni|dafina zeqiri|hitet shqip|hite shqip|hite shqip 2022|top hitet me te reja 2022|hitet e reja 2022|hitet e reja|kenget me te reja 2022","3819425","0","0","1308","https://i.ytimg.com/vi/mCw0CalPQ7M/default.jpg","False","True","ğ—™ğ—¢ğ—Ÿğ—˜ ğ—£ğ—¨ğ—•ğ—Ÿğ—œğ—¦ğ—›ğ—œğ—¡ğ—š - https://www.smarturl.it/FolePublishing____________________________ğ—–ğ—®ğ—½ğ—¶ğ˜ğ—®ğ—¹ ğ—§ ğ—« ğ—”ğ—»ğ˜…ğ—µğ—²ğ—¹ğ—® ğ—£ğ—²ğ—¿ğ—¶ğ˜€ğ˜ğ—²ğ—¿ğ—¶ ğ—« ğ— ğ—®ğ—»ğ—±ğ—¶ - ğ—›ğ—”ğ—•ğ—œğ—•ğ—œ (ğ—¢ğ—³ğ—³ğ—¶ğ—°ğ—¶ğ—®ğ—¹ ğ—©ğ—¶ğ—±ğ—²ğ—¼)____________________________âœ”ï¸ Did you subscribe to ğ—–ğ—”ğ—£ğ—œğ—§ğ—”ğ—Ÿ ğ—§'s Official channel? ğŸ‘‡ğŸ¼â–º  http://smarturl.it/SubscribeCapitalTğŸ‘‰ğŸ¼ Turn on the ğŸ”” to be notified for all the new songs.ğŸ§ Listen on Spotify / Download on iTunes ğŸ‘‡ğŸ¼â–º https://fole.fanlink.to/HABIBI____________________________ğŸµ Music & Arrangement: ğ—œğ—¥ğ—ğ—˜ğ—¡ğ—– ğ—›ğ—¬ğ—ğ—”ğŸµ Lyrics: ğ—”ğ—¡ğ—«ğ—›ğ—˜ğ—Ÿğ—” ğ—£ğ—˜ğ—¥ğ—œğ—¦ğ—§ğ—˜ğ—¥ğ—œ & ğ—–ğ—”ğ—£ğ—œğ—§ğ—”ğ—Ÿ ğ—§ğŸµ Mix & Master by: ğ—ğ—¢ğ—ğ—¢ğŸ“Œ Styling: ğ—”ğ—¡ğ—œğ—¦ğ—” ğ—–ğ—¢ğ—Ÿğ—Ÿğ—˜ğ—–ğ—§ğ—œğ—¢ğ—¡ğ—¦ğŸ“Œ Hair: ğ—¦ğ—˜ğ—­ğ—˜ğ—¥ğŸ“Œ Make up: ğ—›ğ—˜ğ—¡ğ—¥ğ—œ ğ—šğ—ğ—”ğ—§ğ—”ğŸ¥ Video by: ğ— ğ—”ğ—« ğ—£ğ—¥ğ—¢ğ——ğ—¨ğ—–ğ—§ğ—œğ—¢ğ—¡âœ”ï¸ Published by : ğ—™ğ—¢ğ—Ÿğ—˜ ğ—£ğ—¨ğ—•ğ—Ÿğ—œğ—¦ğ—›ğ—œğ—¡ğ—š____________________________ğŸ¤ Connect with ğ—–ğ—”ğ—£ğ—œğ—§ğ—”ğ—Ÿ ğ—§ :Instagram â–º https://www.instagram.com/truekapoFacebook  â–º https://www.facebook.com/KAPOofficialTwitter       â–º https://twitter.com/truekapoğŸ¤ Connect with ğ—”ğ—¡ğ—«ğ—›ğ—˜ğ—Ÿğ—” ğ—£ğ—˜ğ—¥ğ—œğ—¦ğ—§ğ—˜ğ—¥ğ—œ :Instagram â–º https://www.instagram.com/anxhelaperisteriofficial_ğŸ¤ Connect with ğ— ğ—”ğ—¡ğ——ğ—œ :Instagram â–º https://www.instagram.com/mandinishtullaofficialğŸµ Connect with ğ—œğ—¥ğ—ğ—˜ğ—¡ğ—– ğ—›ğ—¬ğ—ğ—”:Instagram â–º https://www.instagram.com/irkenc.hykağŸ¥ Connect with ğ— ğ—”ğ—« ğ—£ğ—¥ğ—¢ğ——ğ—¨ğ—–ğ—§ğ—œğ—¢ğ—¡:Instagram â–º https://www.instagram.com/maxproductionalâœ”ï¸ Connect with ğ—™ğ—¢ğ—Ÿğ—˜ ğ—£ğ—¨ğ—•ğ—Ÿğ—œğ—¦ğ—›ğ—œğ—¡ğ—š :Instagram â–º https://www.smarturl.it/FolePublishing____________________________â„— & Â© CAPITAL T & FOLE PUBLISHING. All Rights Reserved.#CapitalT #Habibi #FolÃ©"
"1U-Phc7HZ9c","Mane off the mark | RB Leipzig - FC Bayern MÃ¼nchen 3-5 | Highlights | DFL-Supercup 2022","2022-07-30T21:34:03Z","UC6UL29enLNe4mqwTfAyeNuw","Bundesliga","17","22.01.08","Bundesliga|Bundesliga 2022/23|Bundesliga Highlights|Football Highlights|season 2022/23|Highlights|RB Leipzig|Leipzig|RBL|FC Bayern MÃ¼nchen|Bayern|Bayern Munich|Leipzig Bayern|Leipzig Bayern highlights|DFL-Supercup 2022","1064098","0","0","751","https://i.ytimg.com/vi/1U-Phc7HZ9c/default.jpg","False","True","#RBLFCB | DFL-Supercup 2022 highlights!â–º Sub now: https://redirect.bundesliga.com/_bwCS Watch the DFL-Supercup 2022 highlights between RB Leipzig and FC Bayern MÃ¼nchen of 2022/23 season!Goals: 0-1 Musiala (14'), 0-2 Mane (31'), 0-3 Pavard (45'), 1-3 Halstenberg (59'), 1-4 Gnabry (66'), 2-4 Nkunku (77'), 3-4 Olmo (89'), 3-5 Sane (90')â–º Watch Bundesliga in your country: https://redirect.bundesliga.com/All_Broadcasterâ–º Join the conversation in the Bundesliga Community Tab:https://www.youtube.com/bundesliga/communityWeâ€™ve seen another Matchday full of unmissable Bundesliga drama. Donâ€™t miss any highlights from Germanyâ€™s football league! The Official Bundesliga YouTube channel gives you access to videos about the greatest goals, best moments and anything else you should know about. Make sure to subscribe now and visit us at https://bndsl.ga/comYT to find out more about the fixtures, analysis and news about your favourite team!"
"xYhKGJ-c-Jg","Le plus gros burger du monde (NC)","2022-07-29T11:42:03Z","UCeGEv5MBdmGMgZFPrAlEmFA","Tev - Ici Japon","24","22.01.08","[none]","202289","0","0","700","https://i.ytimg.com/vi/xYhKGJ-c-Jg/default.jpg","False","True","Profitez de 50% de rÃ©duction sur l'offre Ã  vie de Rosetta Stone (174,50â‚¬ Ã  la place de 349â‚¬) : https://www.rosettastone.fr/tev-n/Donnez de la force Ã  Nourri'tour : https://www.instagram.com/nourritour_nc/Mail Pro : Tev@ici-japon.comInstagram : https://www.instagram.com/icijaponTwitch: https://www.twitch.tv/icijaponcorpTous Imparfaits : https://tousimparfaits.comCandysan : https://candysan.comCandysanBox : https://candysanbox.comOnamaesama : https://onamaesama.comKanji Burger : https://www.kanjiburger.comDisplate: https://displate.com/promo/tevicijapon?art=5ed6779b68ee8"
